{"qRrQye9+4Os8KvOJReMDuw==":"design%20sem%20nome-206x206.png","0pB9rhKMDS0hPtRdExhsnA==":"design%20sem%20nome-206x206.png","HO3xCGOZXTi+xnlV3UTzKw==":"design%20sem%20nome-575x575.png","8QQIIwh7lt/AEYPE6JaNPg==":"cart%C3%A3o%20de%20visita%20para%20nail%20designer%20floral%20delicado%20rosa-2000x1176.png","hz5KHmrYGrcjdIxYjRf2iQ==":"banner-1080x540.png","82ojMOSjojaGJ8GaTqaO5A==":"3ban-2000x1000.png","qoUKUtn2zPOBqz+xzrieMw==":"lgp-275x275.png","aNTnxHMMiZwLPJRX4w96GA==":"lgp-1-275x275.png","8A24IN2XQsT2AHtdxjgMRA==":"lgv2-200x100.png","NdrQhjuTHHTaWPZXfYl6MA==":"lgg-320x160.png","XAkurbd/tyuUfnXdw+056A==":"ban2-2134x1067.png","kFqE5amhfnjFkqvQuev2xQ==":"picini%20logo2-150x150.jpg","d6QAZhVi77iBgk0Cvzmskg==":"picini%20logo2-150x150.jpeg","h6PSdQucaF7sJPo7lJ6TsQ==":"picini%20logo2-150x150.jpeg","FzXIdK/DWr4gaTdQwOId9A==":"logo2-500x500.png","XqStexa3ucYeWEdbgE9USg==":"background1.jpg","HPad4RUDahP4Av+JmqoBMA==":"photo-1633346702973-f0c774e6a473-1.jpeg","4hSHvQryNjj/HfnUdfBuKQ==":"photo-1637580678695-cd8ba5b4eeb2-1.jpeg","59w1jl3Gt2vVwY8TI2s7VQ==":"photo-1599733589296-1a181e38769b-1.jpeg","Iz+7jnUsv65ow5YN0MnBnA==":"photo-1710402536084-b583dc4df3ca-1.jpeg","NRp/WJ7G91Uopvv9n8GKNA==":"photo-1522273400909-fd1a8f77637e-1.jpeg","AhfAmtC/hZwigqZCVhgLFg==":"photo-1493236272120-200db0da1927-1.jpeg","Nt9BIbQd4w3d3eeYYsoECQ==":"caneca%20branca-815x543.png","mZ7APCGuqxdqgxCwdXITlg==":"caneca%20colorida-815x543.png","xR33XUhx3HTz+iBLEl85ug==":"caneca%20pingente-815x543.png","DG+Ys/ZIGqwRP0kPM0K7ZQ==":"caneca%20cora%C3%A7%C3%A3ozinho%20-815x543.png","LyR6DnI9Go68tIma96HoJA==":"caneca%20al%C3%A7a%20cora%C3%A7%C3%A3o%20-815x543.png","nHd+9V2MPLZFv7fs0neQJg==":"caneca%20corpo%20cora%C3%A7%C3%A3o%20-815x543.png","JHiOXENuzVUfwLLiSQXkQw==":"caneca%20%20magica-815x543.png","lAoWabvI0M2He6aw6cSeIA==":"squeeze%20bolinha-815x543.png","yukY9rSuwjXWe2gIH+bcKQ==":"x%C3%ADcara%20avulsa-815x543.png","2/cEz8eHwT+3pxTMi8cozA==":"x%C3%ADcara%20torre-815x543.png","i4XwvKmz2y//fS+2+l2DMw==":"instagram%20retrato%20acredite%20frases%20watercolor%20azul%20(1)-160x200.png","FgbqfWyAzSEqn2BM/7hwRw==":"whatsapp%20image%202024-07-10%20at%2004.54.28-160x359.jpeg","/sOGf4jFu6sphLj8ayd2EA==":"794cc11e-97fd-4f01-8976-01292fee3372-160x359.jpeg","sWhFTddLKypsbIDjObY7vQ==":"whatsapp%20image%202024-07-10%20at%2004.54.28-160x359.jpeg"}